Workbook

Sheet Overall
A1: Item | B1: Overall (Jan to Dec)
A2: Mortgage | B2: =SUM(Jan!B2, Feb!B2, Mar!B2, Apr!B2, May!B2, June!B2, July!B2, Aug!B2, Sep!B2, Oct!B2, Nov!B2, Dec!B2) -> 0
A3: Property Tax | B3: =SUM(Jan!B3, Feb!B3, Mar!B3, Apr!B3, May!B3, June!B3, July!B3, Aug!B3, Sep!B3, Oct!B3, Nov!B3, Dec!B3) -> 0
A4: Insurance | B4: =SUM(Jan!B4, Feb!B4, Mar!B4, Apr!B4, May!B4, June!B4, July!B4, Aug!B4, Sep!B4, Oct!B4, Nov!B4, Dec!B4) -> 0
A5: Water | B5: =SUM(Jan!B5, Feb!B5, Mar!B5, Apr!B5, May!B5, June!B5, July!B5, Aug!B5, Sep!B5, Oct!B5, Nov!B5, Dec!B5) -> 3644.34
A6: PG&E | B6: =SUM(Jan!B6, Feb!B6, Mar!B6, Apr!B6, May!B6, June!B6, July!B6, Aug!B6, Sep!B6, Oct!B6, Nov!B6, Dec!B6) -> 226.92
A7: Garbage | B7: =SUM(Jan!B7, Feb!B7, Mar!B7, Apr!B7, May!B7, June!B7, July!B7, Aug!B7, Sep!B7, Oct!B7, Nov!B7, Dec!B7) -> 2549.11
A8: Communication | B8: =SUM(Jan!B8, Feb!B8, Mar!B8, Apr!B8, May!B8, June!B8, July!B8, Aug!B8, Sep!B8, Oct!B8, Nov!B8, Dec!B8) -> 3354.62
A9: Maintenance | B9: =SUM(Jan!B9, Feb!B9, Mar!B9, Apr!B9, May!B9, June!B9, July!B9, Aug!B9, Sep!B9, Oct!B9, Nov!B9, Dec!B9) -> 725
A10: Travel (gas) + Repair | B10: =SUM(Jan!B10, Feb!B10, Mar!B10, Apr!B10, May!B10, June!B10, July!B10, Aug!B10, Sep!B10, Oct!B10, Nov!B10, Dec!B10) -> 8186.59
A12: Home Depot | B12: =SUM(Jan!B11, Feb!B11, Mar!B11, Apr!B11, May!B11, June!B11, July!B11, Aug!B11, Sep!B11, Oct!B11, Nov!B11, Dec!B11) -> 25788.91
A13: Unit B Washer and Dryer | B13: =SUM(Jan!B11) -> 1734.21
A14: Unit B Paint | B14: =SUM(May!B11) -> 625.7
A15: Roof | B15: =SUM(June!B11, July!B11, Aug!B11) -> 12632.89
A16: Fence (Front, Right, Left) | B16: =SUM(Feb!B11, Mar!B11, Apr!B11, Oct!B11, Nov!B11) -> 7028.98
A17: Basement Window | B17: =SUM( Sep!B11) -> 1283.97
A18: Electrical Panel | B18: =SUM(Dec!B11) -> 2483.16
A19: Subtotal | B19: =SUM(B13:B18) -> 25788.91
A21: Contractor | B21: =SUM(Jan!B12, Feb!B12, Mar!B12, Apr!B12, May!B12, June!B12, July!B12, Aug!B12, Sep!B12, Oct!B12, Nov!B12, Dec!B12) -> 26274.2
A22: Unit C Plumbing | B22: =SUM( Aug!B12) -> 850
A23: Unit D Plumbing | B23: =SUM(Jan!B12, Feb!B12, Apr!B12, May!B12) -> 320
A24: Roof | B24: =SUM(June!B12, July!B12, Sep!B12) -> 20604.2
A25: Tree Service | B25: =SUM(Mar!B12) -> 1500
A26: Electrical Panel | B26: =SUM(Dec!B12) -> 3000
A27: Subtotal | B27: =SUM(B22:B26) -> 26274.2
A29: Legal | B29: =SUM(Jan!B13, Feb!B13, Mar!B13, Apr!B13, May!B13, June!B13, July!B13, Aug!B13, Sep!B13, Oct!B13, Nov!B13, Dec!B13) -> 2008.63
A30: Supply | B30: =SUM(Jan!B14, Feb!B14, Mar!B14, Apr!B14, May!B14, June!B14, July!B14, Aug!B14, Sep!B14, Oct!B14, Nov!B14, Dec!B14) -> 2332.03

Sheet Jan
A1: Item | B1: Jan
A2: Mortgage | B2: 0
A3: Property Tax | B3: 0
A4: Insurance | B4: 0
A5: Water | B5: 0
A6: PG&E | B6: 0
A7: Garbage | B7: 152.46
A8: Communication | B8: =94+185.88+65.46 -> 345.34
A9: Maintenance | B9: 0
A10: Travel (gas) + Repair | B10: =125.87+ 166.41 -> 292.28
A11: Home Depot | B11: =1686.37 + 17.42+6.5+23.92 -> 1734.21
A12: Contractor | B12: 20
A13: Legal | B13: 0
A14: Supply | B14: =16.36+21.81 -> 38.17

Sheet Feb
A1: Item | B1: Feb
A2: Mortgage | B2: 0
A3: Property Tax | B3: 0
A4: Insurance | B4: 0
A5: Water | B5: =455.52+207.4 -> 662.92
A6: PG&E | B6: =17.79 -> 17.79
A7: Garbage | B7: 152.46
A8: Communication | B8: =102+176.33 -> 278.33
A9: Maintenance | B9: 0
A10: Travel (gas) + Repair | B10: =51.23+31.44+39.5+40.35+43.54+36.95+36.31+56.56 -> 335.88
A11: Home Depot | B11: =21.46+71.79+73.68+4.33 -> 171.26
A12: Contractor | B12: 300
A13: Legal | B13: 0
A14: Supply | B14: =32.72+21.81+91.62+41.44+32.73+16.36 -> 236.68

Sheet Mar
A1: Item | B1: Mar
A2: Mortgage | B2: 0
A3: Property Tax | B3: 0
A4: Insurance | B4: 0
A5: Water | B5: 0
A6: PG&E | B6: 15.53
A7: Garbage | B7: 152.46
A8: Communication | B8: =102+176.32 -> 278.32
A9: Maintenance | B9: 210
A10: Travel (gas) + Repair | B10: =37.13+36.95+43.92+43.06+1400+38.2+66.7+40.02+65.71+56.3 -> 1827.99
A11: Home Depot | B11: =10.89+7.57+5.42 -> 23.88
A12: Contractor | B12: 1500
A13: Legal | B13: 725
A14: Supply | B14: =45.78+43.6+54.53+23.54+16.36+36.15 -> 219.96

Sheet Apr
A1: Item | B1: Apr
A2: Mortgage | B2: 0
A3: Property Tax | B3: 0
A4: Insurance | B4: 0
A5: Water | B5: =308.66+209.83 -> 518.49
A6: PG&E | B6: 13.14
A7: Garbage | B7: =103.72+166.35 -> 270.07
A8: Communication | B8: =102+176.32 -> 278.32
A9: Maintenance | B9: 0
A10: Travel (gas) + Repair | B10: =41.62+44.41+40.81+38 -> 164.84
A11: Home Depot | B11: =47.93+43.62+288.04+1060.59+21.8+445.14+11.97+70.93+65.58+63.58 -> 2119.18
A12: Contractor | B12: 0
A13: Legal | B13: 244.39
A14: Supply | B14: =16.36+55.64 -> 72

Sheet May
A1: Item | B1: May
A2: Mortgage | B2: 0
A3: Property Tax | B3: 0
A4: Insurance | B4: 0
A5: Water | B5: 0
A6: PG&E | B6: 0
A7: Garbage | B7: 152.46
A8: Communication | B8: =103+166.35 -> 269.35
A9: Maintenance | B9: 0
A10: Travel (gas) + Repair | B10: =60+75.2+39.36+21.66+42.37+44.02+42.62+45.92+68.52+67.89 -> 507.56
A11: Home Depot | B11: =8.63+11+83.96+38.16+75.23+109.05+251.19+45.92+2.56 -> 625.7
A12: Contractor | B12: 0
A13: Legal | B13: 0
A14: Supply | B14: =54.56+87.25+10.9+414.66+49.08+32.73+111.93+55.62+28.47+16.36+21.81+37.1 -> 920.47

Sheet June
A1: Item | B1: June
A2: Mortgage | B2: 0
A3: Property Tax | B3: 0
A4: Insurance | B4: 0
A5: Water | B5: =350.68+214.67 -> 565.35
A6: PG&E | B6: 0
A7: Garbage | B7: 152.46
A8: Communication | B8: =103+167.4 -> 270.4
A9: Maintenance | B9: 210
A10: Travel (gas) + Repair | B10: =43.58+53.55+42.34+37.35+37.59+60.87+60.81+67.38 -> 403.47
A11: Home Depot | B11: =3573.59+19.41+333.46+508.88+312.23+84.52+760.99+242.15+107.35+95.86 -> 6038.44
A12: Contractor | B12: =807+21.47+3250+800+470+3250+200+150 -> 8948.47
A13: Legal | B13: 0
A14: Supply | B14: =65.46+16.36+50.94 -> 132.76

Sheet July
A1: Item | B1: July
A2: Mortgage | B2: 0
A3: Property Tax | B3: 0
A4: Insurance | B4: 0
A5: Water | B5: 0
A6: PG&E | B6: 0
A7: Garbage | B7: =160.97+35+27+49+49+45.5+27+152.46 -> 545.93
A8: Communication | B8: =103+166.35 -> 269.35
A9: Maintenance | B9: 210
A10: Travel (gas) + Repair | B10: =43.41+27.53+35.33+38.34+43.28+48.64+47.4+49.03+52.19+77.46+59.05 -> 521.66
A11: Home Depot | B11: =163.9+458.88+11.99+55.98+810.99+53.61+287.11+1228.65+150.22+140.77+40.04+83.94+14.16+285.37+103.59+44.48+34.33+56.66+19.63+19.6+17.23+29.41+48.31+67.3+105.9 -> 4332.05
A12: Contractor | B12: =1660+3250+20+150+4950+75.73 -> 10105.73
A13: Legal | B13: 0
A14: Supply | B14: =25.52+16.36 -> 41.88

Sheet Aug
A1: Item | B1: Aug
A2: Mortgage | B2: 0
A3: Property Tax | B3: 0
A4: Insurance | B4: 0
A5: Water | B5: =333.3+216.76 -> 550.06
A6: PG&E | B6: 0
A7: Garbage | B7: =27+152.46 -> 179.46
A8: Communication | B8: =103+166.35 -> 269.35
A9: Maintenance | B9: 0
A10: Travel (gas) + Repair | B10: =37.66+42.97+40.55+40.01+36.15+20+39.24+800+40.68+55.83+59.51+53.6 -> 1266.2
A11: Home Depot | B11: =64.33+44.8+51.24+160.62+18.14+11.97+85.75+89.18+5.29+27.55+18.15+7.19+133.49+35.96+7.13+50.55+29.4+52.87+117.34+30.77+27.25+90.59+33.01+96.81+128.65+61.81+16.63+33.26+114.84+271.86+11.97+46.61+11.97+38.71+64.4+83.01+89.3 -> 2262.4
A12: Contractor | B12: =500+350 -> 850
A13: Legal | B13: 0
A14: Supply | B14: =89.26+89.26+16.36 -> 194.88

Sheet Sep
A1: Item | B1: Sep
A2: Mortgage | B2: 0
A3: Property Tax | B3: 0
A4: Insurance | B4: 0
A5: Water | B5: 0
A6: PG&E | B6: 11.62
A7: Garbage | B7: =27+32.2+27+27+29.15+27+155.5 -> 324.85
A8: Communication | B8: =103+166.35 -> 269.35
A9: Maintenance | B9: 0
A10: Travel (gas) + Repair | B10: =43.15+46.74+41.49+40.29+42.26+700+65.08+700 -> 1679.01
A11: Home Depot | B11: =72.97+21.8+7.61+59.56+93.87+49.9+161.91+131.98+81.63+45.7+39.54+56+104.32+70.98+29.11+63.85+8.7+63.49+43.63+77.42 -> 1283.97
A12: Contractor | B12: =1550 -> 1550
A13: Legal | B13: 0
A14: Supply | B14: =9.26+23.56+32.58+16.36+47.71 -> 129.47

Sheet Oct
A1: Item | B1: Oct
A2: Mortgage | B2: 0
A3: Property Tax | B3: 0
A4: Insurance | B4: 0
A5: Water | B5: =382.37+217.48 -> 599.85
A6: PG&E | B6: 13.34
A7: Garbage | B7: 155.5
A8: Communication | B8: =92.07+166.43+43.74 -> 302.24
A9: Maintenance | B9: 0
A10: Travel (gas) + Repair | B10: =43.98+38.7+54.57+33.83+38.78+38.24+65+61.91 -> 375.01
A11: Home Depot | B11: =14.16+4.5+26.08+89.63+108.89+4.5+18.46+52.22+26.08+2.99+12.78+70+61+28.17+71.93+14.15+106.31+39.29+78.1+45.75+37.92+178.19+6.5+79.02+3.67+83.64+46.31+94.06+110.6+119.23+199.17+109.04+50.31+93.33+75.11+60.11+100.33 -> 2321.53
A12: Contractor | B12: 0
A13: Legal | B13: 0
A14: Supply | B14: =16.36+21.81 -> 38.17

Sheet Nov
A1: Item | B1: Nov
A2: Mortgage | B2: 0
A3: Property Tax | B3: 0
A4: Insurance | B4: 0
A5: Water | B5: 0
A6: PG&E | B6: 0
A7: Garbage | B7: 155.5
A8: Communication | B8: =95+166.45 -> 261.45
A9: Maintenance | B9: 0
A10: Travel (gas) + Repair | B10: =45.88+42.77+38.89+33.11+38.65+57.09 -> 256.39
A11: Home Depot | B11: =14.7+50.09+14.82+65.48+24.29+24.09+18.74+184.42+50.77+193.48+923.92+36.29+20.64+53+198.18+28.21+184.42+79.02+228.57 -> 2393.13
A12: Contractor | B12: 0
A13: Legal | B13: 1039.24
A14: Supply | B14: =16.36 -> 16.36

Sheet Dec
A1: Item | B1: Dec
A2: Mortgage | B2: 0
A3: Property Tax | B3: 0
A4: Insurance | B4: 0
A5: Water | B5: =491.3+256.37 -> 747.67
A6: PG&E | B6: 155.5
A7: Garbage | B7: 155.5
A8: Communication | B8: =95+167.82 -> 262.82
A9: Maintenance | B9: 95
A10: Travel (gas) + Repair | B10: =36.51+35.08+80.2+33.19+270+33.95+41.3+26.07 -> 556.3
A11: Home Depot | B11: =49.28+87.3+190.97+11.49+57.35+104.77+184.42+21.07+239.13+35.23+212.04+55.57+190.97+242.49+72.58+67.43+17.59+77.46+32.19+110.81+49.6+27.52+168.05+9.8+168.05 -> 2483.16
A12: Contractor | B12: =220+1870+910 -> 3000
A13: Legal | B13: 0
A14: Supply | B14: =42.56+41.46+19.2+41.46+19.2+92.75+18.24+16.36 -> 291.23
